Name,Slug,Collection ID,Locale ID,Item ID,Archived,Draft,Created On,Updated On,Published On,Kategorie,Headline,Einleitung Hero,Thema,Thema Richtext,FAQ Frage 1,FAQ Antwort 1,FAQ Frage 2,FAQ Antwort 2,FAQ Frage 3,FAQ Antwort 3,FAQ Frage 4,FAQ Antwort 4
Altersvorsorge,altersvorsorge,64ba5f87a6e0ed8004cd2603,653ade1ae882f528b3915e67,64ba5f87a6e0ed8004cd264f,false,false,Mon Jul 17 2023 08:27:43 GMT+0000 (Coordinated Universal Time),Mon Jul 17 2023 08:27:43 GMT+0000 (Coordinated Universal Time),Mon Jul 24 2023 05:10:02 GMT+0000 (Coordinated Universal Time),Rente & Vorsorge,Sorge für eine sichere finanzielle Zukunft,"Entdecke verschiedene Altersvorsorge-Optionen, die Dir helfen, eine sichere finanzielle Zukunft aufzubauen und Deinen Ruhestand zu genießen.",Eine sichere finanzielle Zukunft: Unsere Vorsorgeangebote,"<p>Eine sichere finanzielle Zukunft ist ein wichtiges Ziel, das Du erreichen möchtest. Eine Altersvorsorgeversicherung bietet Dir die Möglichkeit, systematisch für Deine Rente zu sparen und ein finanzielles Polster für den Ruhestand aufzubauen. Du kannst zwischen verschiedenen Altersvorsorgeprodukten wählen, wie z. B. der Riesterrente oder der Basisrente. Diese Versicherungen bieten Dir staatliche Förderungen und ermöglichen Dir eine langfristige finanzielle Absicherung im Alter.</p>",Was versteht man unter Altersvorsorge?,"Unter Altersvorsorge versteht man die finanzielle Absicherung für den Ruhestand. Es geht darum, während des Erwerbslebens Vermögen aufzubauen oder Versicherungsprodukte abzuschließen, um im Alter ein ausreichendes Einkommen zu haben und den Lebensstandard zu sichern.",Welche Möglichkeiten gibt es für die Altersvorsorge?,"Es gibt verschiedene Möglichkeiten der Altersvorsorge, wie z.B. die gesetzliche Rentenversicherung, betriebliche Altersvorsorge, private Rentenversicherungen, Riester-Rente oder Investitionen in Investmentfonds oder Immobilien. Jede Möglichkeit hat unterschiedliche Vor- und Nachteile, abhängig von den individuellen Bedürfnissen und finanziellen Möglichkeiten.",Wann sollte man mit der Altersvorsorge beginnen?,"Es ist ratsam, frühzeitig mit der Altersvorsorge zu beginnen, idealerweise schon in jungen Jahren. Je früher man anfängt, desto länger hat man Zeit, Kapital aufzubauen und von Zinseszins-Effekten zu profitieren. Allerdings ist es nie zu spät, um mit der Altersvorsorge zu beginnen.",Welche Risiken gibt es bei der Altersvorsorge?,"Bei der Altersvorsorge gibt es verschiedene Risiken zu beachten, wie z.B. Inflation, Anlageverluste, steigende Lebenserwartung oder gesetzliche Veränderungen. Es ist wichtig, diese Risiken bei der Planung der Altersvorsorge zu berücksichtigen und gegebenenfalls eine breite Diversifikation der Anlagen vorzunehmen."
Autoversicherung,autoversicherung,64ba5f87a6e0ed8004cd2603,653ade1ae882f528b3915e67,64ba5f87a6e0ed8004cd2644,false,false,Mon Jul 17 2023 08:27:40 GMT+0000 (Coordinated Universal Time),Mon Jul 17 2023 08:27:40 GMT+0000 (Coordinated Universal Time),Mon Jul 24 2023 05:10:02 GMT+0000 (Coordinated Universal Time),Sach und Kfz,Schütze Dein Fahrzeug und Dich selbst,"Erfahre, wie Du durch eine Autoversicherung sowohl Dein Fahrzeug als auch Dich selbst vor finanziellen Risiken und unvorhergesehenen Schäden schützen kannst.",Rundum-Schutz für Dein Fahrzeug und Deine Sicherheit,"<p>Eine Autoversicherung ist unerlässlich, um sowohl Dein Fahrzeug als auch Dich selbst umfassend abzusichern. Mit einer Kfz-Haftpflichtversicherung bist Du gegen Schadensersatzansprüche Dritter bei einem Unfall abgesichert. Die Teilkasko- und Vollkaskoversicherung bieten zusätzlichen Schutz für Schäden am eigenen Fahrzeug, z. B. bei Diebstahl, Unwetterschäden oder Vandalismus. Es ist wichtig, die Versicherungspolicen sorgfältig zu prüfen und die Deckungssummen entsprechend Deinen Bedürfnissen anzupassen. Darüber hinaus solltest Du auch eine Unfallversicherung in Betracht ziehen, die finanzielle Leistungen im Falle von Verletzungen oder Invalidität nach einem Unfall bietet. Eine umfassende Absicherung für Dein Fahrzeug und Dich selbst gibt Dir das beruhigende Gefühl, gut geschützt unterwegs zu sein.</p>",Was deckt eine Autoversicherung ab?,Eine Autoversicherung deckt in der Regel Schäden am eigenen Fahrzeug sowie Haftpflichtansprüche gegen den Fahrer im Falle eines Unfalls ab. Je nach Vertrag können auch weitere Leistungen wie Diebstahlschutz oder Kaskoversicherung enthalten sein.,Wie wird die Prämie einer Autoversicherung berechnet?,"Die Prämie einer Autoversicherung wird in der Regel anhand verschiedener Faktoren berechnet, wie zum Beispiel Alter und Geschlecht des Fahrers, Fahrzeugtyp, Schadenfreiheitsklasse und jährliche Kilometerleistung.",Kann ich meine Autoversicherung wechseln?,"Ja, in den meisten Fällen ist es möglich, die Autoversicherung zu wechseln. Dabei sollten jedoch die Kündigungsfristen und eventuelle Vertragslaufzeiten beachtet werden. Ein Wechsel kann in der Regel zu einem günstigeren Tarif führen, wenn man Angebote verschiedener Versicherungsunternehmen vergleicht.",Was ist der Unterschied zwischen Haftpflicht- und Kaskoversicherung?,"Die Haftpflichtversicherung deckt Schäden ab, die man anderen Personen mit dem eigenen Fahrzeug zufügt. Die Kaskoversicherung hingegen deckt Schäden am eigenen Fahrzeug ab, die durch Unfall, Diebstahl oder Vandalismus entstehen. Die Kaskoversicherung kann in eine Teilkasko- und Vollkaskoversicherung unterteilt sein."
Basisrente,basisrente,64ba5f87a6e0ed8004cd2603,653ade1ae882f528b3915e67,64ba5f87a6e0ed8004cd265c,false,false,Mon Jul 17 2023 08:27:43 GMT+0000 (Coordinated Universal Time),Mon Jul 17 2023 08:27:43 GMT+0000 (Coordinated Universal Time),Mon Jul 24 2023 05:10:02 GMT+0000 (Coordinated Universal Time),Rente & Vorsorge,Steuerbegünstigte Altersvorsorge,"Lerne die steuerbegünstigte Basisrente kennen, die Dir steuerliche Vorteile und eine solide Altersvorsorge ermöglicht.",Steuerbegünstigte Altersvorsorge: Finanzieller Vorteil für Deine Rente,"<p>Die steuerbegünstigte Altersvorsorge bietet Dir die Möglichkeit, durch gezielte steuerliche Anreize für Deine Rente vorzusorgen. Eine private Rentenversicherung, eine betriebliche Altersvorsorge oder eine Direktversicherung sind Beispiele für steuerbegünstigte Altersvorsorgeprodukte. Durch die steuerliche Förderung kannst Du Dein zu versteuerndes Einkommen senken und gleichzeitig für Deine Rente vorsorgen. Indem Du von den steuerlichen Vorteilen profitierst, schaffst Du Dir eine solide finanzielle Grundlage für Deinen Ruhestand.</p>",Was ist eine Basisrente?,"Die Basisrente, auch Rürup-Rente genannt, ist eine staatlich geförderte private Altersvorsorge in Deutschland. Sie richtet sich insbesondere an Selbstständige und Personen mit hohem Einkommen. Bei der Basisrente können Beiträge steuermindernd geltend gemacht werden, und die Leistungen werden im Rentenalter versteuert.",Welche Vorteile bietet die Basisrente?,"Die Basisrente bietet mehrere Vorteile. Zum einen können die Beiträge zur Basisrente steuermindernd geltend gemacht werden, was eine langfristige steuerliche Entlastung ermöglicht. Zum anderen ist die Basisrente vor Hartz IV geschützt und bietet so eine Absicherung im Alter.",Wer kann von der Basisrente profitieren?,"Von der Basisrente können insbesondere Selbstständige, Freiberufler und Personen mit hohem Einkommen profitieren. Die genauen Voraussetzungen variieren je nach Land und Gesetzgebung.",Gibt es Einschränkungen bei der Basisrente?,"Ja, bei der Basisrente gibt es bestimmte Regelungen und Einschränkungen. Dazu gehören beispielsweise bestimmte Mindestbeiträge, eine staatlich festgelegte Rentenbeginnphase und die Verpflichtung, die Leistungen der Basisrente im Rentenalter zu versteuern. Zudem ist die Basisrente nicht vererbbar, sodass bei frühzeitigem Tod keine Hinterbliebenenleistungen erbracht werden."
Bauherrenhaftpflicht,bauherrenhaftpflicht,64ba5f87a6e0ed8004cd2603,653ade1ae882f528b3915e67,64ba5f87a6e0ed8004cd2646,false,false,Mon Jul 17 2023 08:27:41 GMT+0000 (Coordinated Universal Time),Mon Jul 17 2023 08:27:41 GMT+0000 (Coordinated Universal Time),Mon Jul 24 2023 05:10:02 GMT+0000 (Coordinated Universal Time),Wohnung & Haus,Absicherung während des Bauprojekts,"Informiere Dich über die Bauherrenhaftpflichtversicherung, die Dich während des Bauprojekts vor finanziellen Risiken und Haftungsansprüchen schützt.",Sicherheit von Anfang bis Ende: Unsere Bauprojektversicherung,"<p>Wenn Du ein Bauprojekt durchführst, sind spezifische Versicherungen wichtig, um Dich vor den damit verbundenen Risiken zu schützen. Eine Bauleistungsversicherung bietet finanziellen Schutz für Schäden am Bauwerk während der Bauphase, z. B. durch Feuer, Diebstahl oder Naturkatastrophen. Eine Bauherrenhaftpflichtversicherung ist ebenfalls von großer Bedeutung, da sie Dich vor Haftungsansprüchen schützt, die während der Bauphase auf Deinem Baugrundstück auftreten können. Zusätzlich dazu kannst Du auch über eine Baugewährleistungsversicherung nachdenken, um Dich gegen Mängel am Bauwerk nach Abschluss des Projekts abzusichern. Mit dem richtigen Versicherungsschutz minimierst Du die finanziellen Risiken während des Bauprojekts und kannst das Projekt erfolgreich abschließen.</p>",Was ist eine Bauherrenhaftpflichtversicherung?,"Eine Bauherrenhaftpflichtversicherung ist eine Versicherung, die Bauherren vor Schadensersatzansprüchen Dritter während der Bauphase schützt. Sie deckt Personen- oder Sachschäden ab, die auf der Baustelle oder im Zusammenhang mit dem Bauvorhaben entstehen können.",Warum ist eine Bauherrenhaftpflichtversicherung wichtig?,"Eine Bauherrenhaftpflichtversicherung ist wichtig, da Bauvorhaben mit verschiedenen Risiken verbunden sind. Unfälle, Schäden an benachbarten Grundstücken oder Verletzungen von Personen können erhebliche finanzielle Konsequenzen haben. Eine Bauherrenhaftpflichtversicherung bietet Schutz vor solchen Risiken.",Gilt die Bauherrenhaftpflichtversicherung auch für Bauunternehmen?,"Nein, eine Bauherrenhaftpflichtversicherung gilt in der Regel nicht für Bauunternehmen oder Bauhandwerker. Sie richtet sich speziell an Bauherren, also die Eigentümer des Bauvorhabens.",Wie lange gilt die Bauherrenhaftpflichtversicherung?,"Die Dauer der Bauherrenhaftpflichtversicherung ist in der Regel auf den Zeitraum des Bauvorhabens beschränkt. Sobald das Bauvorhaben abgeschlossen ist oder das Bauwerk bezogen wurde, endet in der Regel auch der Versicherungsschutz. Es ist wichtig, die Versicherungsbedingungen zu prüfen, um den genauen Gültigkeitszeitraum zu erfahren."
Bausparen,bausparen,64ba5f87a6e0ed8004cd2603,653ade1ae882f528b3915e67,64ba5f87a6e0ed8004cd264e,false,false,Mon Jul 17 2023 08:27:41 GMT+0000 (Coordinated Universal Time),Mon Jul 17 2023 08:27:41 GMT+0000 (Coordinated Universal Time),Mon Jul 24 2023 05:10:02 GMT+0000 (Coordinated Universal Time),Wohnung & Haus,Sichere Dir Dein Traumhaus,"Erfahre, wie Du mit den richtigen Versicherungslösungen Dein Traumhaus absichern kannst, sowohl während des Baus als auch im fertigen Zustand.",Schutz für Dein Traumhaus: Unsere maßgeschneiderten Lösungen,"<p>Der Kauf oder Bau eines eigenen Hauses ist ein großer Schritt im Leben und erfordert eine sorgfältige Planung und Absicherung. Eine Baufinanzierung ist oft notwendig, um das Projekt zu realisieren. Dabei ist es wichtig, sich über die verschiedenen Finanzierungsoptionen und Zinssätze zu informieren und eine maßgeschneiderte Finanzierungslösung zu finden. Eine Baufinanzierungsberatung kann Dir helfen, die beste Finanzierungsoption für Dein Traumhaus zu wählen und den Prozess reibungslos zu gestalten. Mit einer sorgfältigen Finanzierungsplanung und Absicherung schaffst Du Dir ein solides Fundament für Dein Traumhaus.</p>",Was ist Bausparen?,"Bausparen ist eine Form der langfristigen Spar- und Finanzierungsform, die es ermöglicht, ein Eigenheim zu erwerben oder zu bauen. Dabei schließt man einen Bausparvertrag ab und spart regelmäßig einen festgelegten Betrag an. Nach einer Sparphase kann man ein zinsgünstiges Bauspardarlehen in Anspruch nehmen.",Welche Vorteile bietet Bausparen?,"Bausparen bietet mehrere Vorteile. Zum einen ermöglicht es langfristiges Sparen und bietet eine sichere Anlageform. Zum anderen bietet ein Bausparvertrag die Möglichkeit, ein günstiges Darlehen für den Bau oder Kauf einer Immobilie zu erhalten. Zudem kann man von staatlichen Förderungen wie der Wohnungsbauprämie oder Arbeitnehmer-Sparzulage profitieren.",Gibt es eine Mindestlaufzeit für einen Bausparvertrag?,"Ja, in der Regel gibt es eine Mindestlaufzeit für einen Bausparvertrag. Diese variiert je nach Anbieter, beträgt jedoch oft mehrere Jahre. In dieser Zeit wird das Guthaben angespart und es erfolgt eine Bewertung der Ansparleistung, bevor man das Bauspardarlehen beantragen kann.",Kann man das angesparte Guthaben vorzeitig nutzen?,"Ja, unter bestimmten Bedingungen kann das angesparte Guthaben vorzeitig genutzt werden. Dies kann beispielsweise bei einer vorzeitigen Beendigung des Vertrags oder für Renovierungsmaßnahmen an bereits bestehenden Immobilien möglich sein. Die genauen Konditionen und Möglichkeiten variieren jedoch je nach Anbieter und Vertrag."
Berufs­unfähigkeitsversicherung,berufsunfahigkeitsversicherung,64ba5f87a6e0ed8004cd2603,653ade1ae882f528b3915e67,64ba5f87a6e0ed8004cd2645,false,false,Mon Jul 17 2023 08:27:42 GMT+0000 (Coordinated Universal Time),Mon Jul 17 2023 08:27:42 GMT+0000 (Coordinated Universal Time),Mon Jul 24 2023 05:10:02 GMT+0000 (Coordinated Universal Time),Rente & Vorsorge,Absicherung bei Arbeitsunfähigkeit,"Erfahre, wie eine Berufsunfähigkeitsversicherung Dir finanzielle Absicherung bietet, falls Du aufgrund von Krankheit oder Unfall arbeitsunfähig wirst.",Schutz bei Arbeitsunfähigkeit: Sichere Dir Deine finanzielle Stabilität,"<p>Eine Berufsunfähigkeitsversicherung bietet Dir finanzielle Unterstützung, wenn Du aufgrund von Krankheit oder Unfall Deinen Beruf nicht mehr ausüben kannst. Sie zahlt Dir eine monatliche Rente, um Deinen Lebensunterhalt zu sichern. Eine solche Versicherung ist besonders wichtig, da die gesetzliche Erwerbsminderungsrente oft nicht ausreicht, um den gewohnten Lebensstandard aufrechtzuerhalten. Mit einer Berufsunfähigkeitsversicherung schützt Du Deine Existenz und die finanzielle Zukunft.</p>",Was ist eine Berufsunfähigkeitsversicherung?,"Eine Berufsunfähigkeitsversicherung ist eine Versicherung, die den Versicherten finanziell absichert, falls er aufgrund von Krankheit oder Unfall seinen bisherigen Beruf nicht mehr ausüben kann. Sie zahlt in diesem Fall eine monatliche Rente aus, um den Einkommensverlust auszugleichen.",Wie wird die Berufsunfähigkeit definiert?,"Die Definition der Berufsunfähigkeit kann je nach Versicherungsvertrag variieren. In der Regel liegt Berufsunfähigkeit vor, wenn der Versicherte aus gesundheitlichen Gründen dauerhaft weniger als 50% seiner beruflichen Tätigkeit ausüben kann. Die genaue Definition ist jedoch abhängig von den Versicherungsbedingungen.",Wann sollte man eine Berufsunfähigkeitsversicherung abschließen?,"Es empfiehlt sich, eine Berufsunfähigkeitsversicherung möglichst frühzeitig abzuschließen, idealerweise bereits in jungen Jahren und bei guter Gesundheit. Je älter man ist oder je gesundheitliche Risiken bestehen, desto höher können die Beiträge sein oder es kann zu Ausschlüssen oder Leistungseinschränkungen kommen.",Was ist der Unterschied zwischen einer Berufsunfähigkeitsversicherung und einer Erwerbsunfähigkeitsversicherung?,"Eine Berufsunfähigkeitsversicherung deckt den Verlust der eigenen beruflichen Tätigkeit ab, während eine Erwerbsunfähigkeitsversicherung den Verlust jeglicher Erwerbstätigkeit absichert. Bei einer Erwerbsunfähigkeitsversicherung wird also nicht nur der bisherige Beruf, sondern jegliche Erwerbstätigkeit berücksichtigt. Der Leistungsumfang und die Bedingungen können je nach Versicherungsgesellschaft variieren."
Feuerrohbauversicherung,feuerrohbauversicherung,64ba5f87a6e0ed8004cd2603,653ade1ae882f528b3915e67,64ba5f87a6e0ed8004cd2641,false,false,Mon Jul 17 2023 08:27:42 GMT+0000 (Coordinated Universal Time),Mon Jul 17 2023 08:27:42 GMT+0000 (Coordinated Universal Time),Mon Jul 24 2023 05:10:02 GMT+0000 (Coordinated Universal Time),Wohnung & Haus,Sicherheit während des Bauprojekts,Informiere Dich über die Feuerrohbauversicherung und wie sie Dich während des Bauprojekts vor möglichen Schäden durch Feuer oder andere Risiken schützt.,Sicherheit während der Bauphase: Unsere Absicherungslösungen,"<p>Wenn Du ein Bauprojekt durchführst, sind spezielle Versicherungen wichtig, um Dich während des Bauprozesses abzusichern. Eine Feuerrohbauversicherung bietet finanziellen Schutz für Schäden am Rohbau während der Bauphase, z. B. durch Brand oder Blitzschlag. Zusätzlich dazu kannst Du über eine Bauherrenhaftpflichtversicherung nachdenken, die Dich vor Haftungsansprüchen Dritter schützt, die während der Bauphase auf Deinem Baugrundstück auftreten können. Mit dem richtigen Versicherungsschutz minimierst Du die finanziellen Risiken während des Bauprojekts und kannst es erfolgreich abschließen.</p>",Was ist eine Feuerrohbauversicherung?,"Eine Feuerrohbauversicherung ist eine Versicherung, die während der Bauphase eines Gebäudes greift. Sie deckt Schäden durch Feuer, Blitzschlag und Explosionen am noch unfertigen Bauwerk ab. Der Versicherungsschutz besteht in der Regel bis zur Fertigstellung des Gebäudes.",Warum ist eine Feuerrohbauversicherung wichtig?,"Eine Feuerrohbauversicherung ist wichtig, da während der Bauphase eines Gebäudes erhöhte Brand- und Explosionsgefahr besteht. Durch die Versicherung sind die Kosten für eventuelle Schäden abgedeckt, die durch diese Risiken entstehen können.",Gilt die Feuerrohbauversicherung auch für Bauunternehmen?,"Nein, in der Regel gilt die Feuerrohbauversicherung nicht für Bauunternehmen oder Bauhandwerker. Sie richtet sich speziell an den Bauherrn oder Eigentümer des Gebäudes.",Welche Schäden werden von der Feuerrohbauversicherung abgedeckt?,"Eine Feuerrohbauversicherung deckt Schäden durch Feuer, Blitzschlag und Explosionen am noch unfertigen Bauwerk ab. Dazu gehören beispielsweise Brand- oder Blitzschlag-bedingte Schäden an Materialien, Bauteilen oder Bauausrüstung."
Fondsgebundene Lebensversicherung,fondsgebundene-lebensversicherung,64ba5f87a6e0ed8004cd2603,653ade1ae882f528b3915e67,64ba5f87a6e0ed8004cd265a,false,false,Mon Jul 17 2023 08:27:43 GMT+0000 (Coordinated Universal Time),Mon Jul 17 2023 08:27:43 GMT+0000 (Coordinated Universal Time),Mon Jul 24 2023 05:10:02 GMT+0000 (Coordinated Universal Time),Rente & Vorsorge,Verbinde Versicherungsschutz mit Investmentchancen,"Entdecke die Vorteile von Versicherungslösungen, die Dir nicht nur Schutz bieten, sondern auch Investmentchancen für den Aufbau von Vermögen und eine sichere finanzielle Zukunft.",Investiere in Deine Zukunft: Versicherungsschutz mit Renditechancen,"<p>Eine fondsgebundene Lebensversicherung bietet Dir die Möglichkeit, Versicherungsschutz mit langfristigen Investmentchancen zu verbinden. Bei einer fondsgebundenen Lebensversicherung werden Teile Deiner Beiträge in ausgewählte Investmentfonds investiert, wodurch Du von den Chancen der Kapitalmärkte profitieren kannst. Gleichzeitig genießt Du den Schutz einer Lebensversicherung. Eine solche Versicherung ermöglicht es Dir, Dein Vermögen langfristig aufzubauen und von potenziellen Renditen zu profitieren.</p>",Was ist eine fondsgebundene Lebensversicherung?,"Eine fondsgebundene Lebensversicherung kombiniert eine klassische Lebensversicherung mit einer Anlagekomponente. Die Beiträge werden in Investmentfonds investiert, wodurch die Höhe der späteren Auszahlung vom Wertentwicklungen der Fonds abhängt.",Welche Vorteile bietet eine fondsgebundene Lebensversicherung?,"Eine fondsgebundene Lebensversicherung bietet die Chance auf höhere Renditen im Vergleich zu klassischen Lebensversicherungen, da das Kapital in Investmentfonds angelegt wird. Zudem gibt es oft die Möglichkeit, zwischen verschiedenen Fonds und Anlagestrategien zu wählen.",Welche Risiken bestehen bei einer fondsgebundenen Lebensversicherung?,"Bei einer fondsgebundenen Lebensversicherung bestehen Anlagerisiken, da der Wert der Anlagen schwanken kann. Bei ungünstiger Wertentwicklung der Fonds kann dies zu einer niedrigeren Auszahlung führen. Zudem können Kosten für Verwaltung, Abschluss und Risikoabsicherung anfallen.",Ist eine fondsgebundene Lebensversicherung für jeden geeignet?,"Eine fondsgebundene Lebensversicherung eignet sich vor allem für Personen, die bereit sind, Risiken bei der Kapitalanlage einzugehen und die Chance auf höhere Renditen suchen. Es ist wichtig, die eigenen Anlageziele, Risikobereitschaft und Anlagekenntnisse zu berücksichtigen, bevor man sich für eine fondsgebundene Lebensversicherung entscheidet."
Fondsgebundene Rentenversicherung,fondsgebundene-rentenversicherung,64ba5f87a6e0ed8004cd2603,653ade1ae882f528b3915e67,64ba5f87a6e0ed8004cd265e,false,false,Mon Jul 17 2023 08:27:43 GMT+0000 (Coordinated Universal Time),Mon Jul 17 2023 08:27:43 GMT+0000 (Coordinated Universal Time),Mon Jul 24 2023 05:10:02 GMT+0000 (Coordinated Universal Time),Rente & Vorsorge,Flexibler Vermögensaufbau für Deine Rente,"Informiere Dich über flexible Versicherungslösungen, die Dir helfen, Vermögen aufzubauen und eine solide finanzielle Basis für Deine Rente zu schaffen.",Flexibler Vermögensaufbau für Deine Rente: Sichere finanzielle Zukunft,"<p>Ein flexibler Vermögensaufbau für Deine Rente gibt Dir die Möglichkeit, Dein Vermögen gezielt aufzubauen und für Deinen Ruhestand vorzusorgen. Eine private Rentenversicherung oder eine Kapitallebensversicherung bieten Dir flexible Möglichkeiten, um Vermögen anzusparen und gleichzeitig von einem Versicherungsschutz zu profitieren. Du kannst die Beiträge und Laufzeit individuell an Deine Bedürfnisse anpassen und hast die Flexibilität, Kapitalbeträge oder eine lebenslange Rente zu erhalten. Ein flexibler Vermögensaufbau gibt Dir die Freiheit, Deine Rente aktiv zu gestalten und finanzielle Unabhängigkeit im Alter zu erreichen.</p>",Was ist eine fondsgebundene Rentenversicherung?,"Eine fondsgebundene Rentenversicherung ist eine Rentenversicherung, bei der die Beiträge in Investmentfonds investiert werden. Das angesammelte Kapital wird im Rentenalter zur Auszahlung einer lebenslangen Rente genutzt.",Welche Vorteile bietet eine fondsgebundene Rentenversicherung?,"Eine fondsgebundene Rentenversicherung bietet die Chance auf höhere Renditen im Vergleich zu klassischen Rentenversicherungen, da das Kapital in Investmentfonds angelegt wird. Zudem gibt es oft die Möglichkeit, zwischen verschiedenen Fonds und Anlagestrategien zu wählen.",Welche Risiken bestehen bei einer fondsgebundenen Rentenversicherung?,"Bei einer fondsgebundenen Rentenversicherung bestehen Anlagerisiken, da der Wert der Anlagen schwanken kann. Bei ungünstiger Wertentwicklung der Fonds kann dies zu einer niedrigeren Auszahlung führen. Zudem können Kosten für Verwaltung, Abschluss und Risikoabsicherung anfallen.",Ist eine fondsgebundene Rentenversicherung für jeden geeignet?,"Eine fondsgebundene Rentenversicherung eignet sich vor allem für Personen, die bereit sind, Risiken bei der Kapitalanlage einzugehen und die Chance auf höhere Renditen suchen. Es ist wichtig, die eigenen Anlageziele, Risikobereitschaft und Anlagekenntnisse zu berücksichtigen, bevor man sich für eine fondsgebundene Rentenversicherung entscheidet."
Gebäudeversicherung,gebaudeversicherung,64ba5f87a6e0ed8004cd2603,653ade1ae882f528b3915e67,64ba5f87a6e0ed8004cd263e,false,false,Mon Jul 17 2023 08:27:41 GMT+0000 (Coordinated Universal Time),Mon Jul 17 2023 08:27:41 GMT+0000 (Coordinated Universal Time),Mon Jul 24 2023 05:10:02 GMT+0000 (Coordinated Universal Time),Wohnung & Haus,Schutz für Dein Eigentum,"Informiere Dich über die verschiedenen Versicherungsoptionen, die Dir helfen, Dein Eigentum vor Schäden durch Unfälle, Diebstahl oder andere Risiken zu schützen.",Sicherheit für Dein Eigentum: Vertraue auf unseren Schutz,"<p>Eigentum kann eine bedeutende Investition sein, und es ist wichtig, es entsprechend abzusichern. Eine Gebäudeversicherung schützt Dein Eigentum vor Schäden durch Feuer, Sturm, Leitungswasser oder andere versicherte Gefahren. Zusätzlich zur Gebäudeversicherung ist eine Hausratversicherung sinnvoll, um Deine Wertgegenstände im Haus vor Diebstahl oder Schäden zu schützen. Wenn Du Immobilien vermietest, ist eine Vermieterhaftpflichtversicherung empfehlenswert, um Dich vor Haftungsansprüchen von Mietern oder Dritten abzusichern. Mit dem richtigen Versicherungsschutz kannst Du Dein Eigentum effektiv schützen und möglichen finanziellen Risiken vorbeugen.</p>",Was ist eine Gebäudeversicherung?,"Eine Gebäudeversicherung ist eine Versicherung, die Schäden an einem Gebäude abdeckt. Sie schützt Eigentümer vor finanziellen Verlusten, die durch Risiken wie Feuer, Sturm, Leitungswasser, Hagel oder Elementarschäden entstehen können.",Welche Schäden werden von einer Gebäudeversicherung abgedeckt?,"Eine Gebäudeversicherung deckt in der Regel Schäden am Gebäude selbst, wie z.B. bei Brand, Blitzschlag, Sturm, Hagel, Leitungswasser oder auch durch Naturkatastrophen wie Überschwemmungen oder Erdbeben. Je nach Vertrag können auch weitere Risiken, wie z.B. Glasbruch oder Elementarschäden, abgedeckt sein.",Was ist der Unterschied zwischen einer Gebäudeversicherung und einer Hausratversicherung?,"Während eine Gebäudeversicherung das Gebäude selbst schützt, deckt eine Hausratversicherung den beweglichen Hausrat (Möbel, Elektrogeräte, Kleidung usw.) ab. Die Gebäudeversicherung konzentriert sich auf strukturelle Schäden am Gebäude, während die Hausratversicherung den Inhalt des Gebäudes absichert.",Ist eine Gebäudeversicherung gesetzlich vorgeschrieben?,"Eine Gebäudeversicherung ist in den meisten Ländern nicht gesetzlich vorgeschrieben. Allerdings kann sie in bestimmten Fällen, wie bei der Finanzierung durch eine Bank oder Hypothekengesellschaft, vertraglich vorgeschrieben sein."
Gesetzliche Krankenversicherung,gesetzliche-krankenversicherung,64ba5f87a6e0ed8004cd2603,653ade1ae882f528b3915e67,64ba5f87a6e0ed8004cd2659,false,false,Mon Jul 17 2023 08:27:42 GMT+0000 (Coordinated Universal Time),Mon Jul 17 2023 08:27:42 GMT+0000 (Coordinated Universal Time),Mon Jul 24 2023 05:10:02 GMT+0000 (Coordinated Universal Time),Pflege & Krankheit,Grundlegender Schutz für Deine Gesundheit,"Informiere Dich über die Leistungen der gesetzlichen Krankenversicherung, die Dir einen grundlegenden Schutz für Deine Gesundheit bietet.",Grundschutz für Deine Gesundheit: Unsere Versicherungslösungen,"<p>Die gesetzliche Krankenversicherung bietet einen grundlegenden Versicherungsschutz für Deine Gesundheit. Sie deckt die Kosten für medizinische Behandlungen und Arzneimittel ab. Um Deinen individuellen Bedürfnissen gerecht zu werden, kannst Du ergänzend zur gesetzlichen Krankenversicherung eine Krankenzusatzversicherung abschließen. Damit erhältst Du zusätzliche Leistungen wie bessere Unterbringung im Krankenhaus oder alternative Heilmethoden.</p>",Was ist die gesetzliche Krankenversicherung?,"Die gesetzliche Krankenversicherung ist eine staatlich geregelte Form der Krankenversicherung, die in vielen Ländern existiert. Sie bietet eine Basisversorgung für die Versicherten und umfasst medizinische Leistungen wie Arztbesuche, Medikamente, Krankenhausaufenthalte und Vorsorgeuntersuchungen.",Wer ist in der gesetzlichen Krankenversicherung versichert?,"In der Regel sind in der gesetzlichen Krankenversicherung alle Personen versichert, die bestimmte Voraussetzungen erfüllen. Dazu gehören beispielsweise Arbeitnehmer mit einem bestimmten Einkommen, Familienangehörige von Versicherten und Selbstständige mit einer bestimmten Einkommensgrenze. Die genauen Voraussetzungen variieren je nach Land.",Welche Leistungen werden von der gesetzlichen Krankenversicherung abgedeckt?,"Die Leistungen der gesetzlichen Krankenversicherung sind gesetzlich festgelegt und umfassen grundlegende medizinische Versorgung. Dazu gehören ärztliche Behandlungen, Medikamente, Krankenhausaufenthalte, Vorsorgeuntersuchungen und bestimmte Rehabilitationsmaßnahmen.",Wie hoch ist der Beitrag zur gesetzlichen Krankenversicherung?,Der Beitrag zur gesetzlichen Krankenversicherung wird in der Regel einkommensabhängig erhoben. Die genauen Beitragssätze und -berechnungen variieren je nach Land und Gesetzgebung. Arbeitnehmer und Arbeitgeber teilen sich oft die Beiträge zur gesetzlichen Krankenversicherung.
Gewerbeversicherung,gewerbeversicherung,64ba5f87a6e0ed8004cd2603,653ade1ae882f528b3915e67,64ba5f87a6e0ed8004cd2657,false,false,Mon Jul 17 2023 08:27:41 GMT+0000 (Coordinated Universal Time),Mon Jul 17 2023 08:27:41 GMT+0000 (Coordinated Universal Time),Mon Jul 24 2023 05:10:02 GMT+0000 (Coordinated Universal Time),Sach und Kfz,Schütze Dein Unternehmen rundum,"Informiere Dich über die verschiedenen Versicherungslösungen, die Dein Unternehmen umfassend schützen und Dich vor finanziellen Risiken absichern können.",Sicherheit für Dein Unternehmen: Rundum-Schutz für Deinen Erfolg,"<p>Als Unternehmer trägst Du Verantwortung für Dein Unternehmen, Deine Mitarbeiter und Deine Kunden. Eine umfassende Gewerbeversicherung ist daher unverzichtbar. Sie bietet Schutz vor finanziellen Verlusten, die durch Betriebsunterbrechungen, Haftpflichtansprüche, Sachschäden oder andere betriebliche Risiken entstehen können. Eine Betriebshaftpflichtversicherung deckt Schäden ab, die im Rahmen Deiner geschäftlichen Tätigkeit Dritten entstehen. Eine Betriebsunterbrechungsversicherung bietet finanzielle Unterstützung, wenn Dein Unternehmen vorübergehend nicht arbeitsfähig ist, z. B. aufgrund von Brandschäden oder Naturkatastrophen. Indem Du Dein Unternehmen rundum absicherst, kannst Du sicherstellen, dass Du den Erfolg Deines Unternehmens schützt und eventuelle finanzielle Risiken minimierst.</p>",Was ist eine Gewerbeversicherung?,"Eine Gewerbeversicherung ist eine Versicherung, die speziell auf die Bedürfnisse von Unternehmen und Gewerbetreibenden zugeschnitten ist. Sie umfasst verschiedene Versicherungen, die den spezifischen Risiken eines Geschäftsbetriebs gerecht werden, wie z.B. Betriebshaftpflichtversicherung, Inventarversicherung, Betriebsunterbrechungsversicherung und Fahrzeugflottenversicherung.",Welche Risiken deckt eine Gewerbeversicherung ab?,"Die genauen Risiken, die eine Gewerbeversicherung abdeckt, hängen von den gewählten Versicherungen und dem individuellen Bedarf des Unternehmens ab. Sie kann Schutz vor Schäden durch Feuer, Einbruch, Haftpflichtansprüche, Betriebsunterbrechungen, Naturkatastrophen und vielem mehr bieten.",Ist eine Gewerbeversicherung gesetzlich vorgeschrieben?,"In den meisten Ländern besteht keine gesetzliche Pflicht zum Abschluss einer Gewerbeversicherung. Allerdings kann der Abschluss bestimmter Versicherungen, wie z.B. der Betriebshaftpflichtversicherung, in einigen Branchen oder für bestimmte Tätigkeiten vorgeschrieben sein.",Wie wird die Prämie einer Gewerbeversicherung berechnet?,"Die Prämie einer Gewerbeversicherung wird in der Regel anhand verschiedener Faktoren berechnet, wie z.B. Art und Größe des Unternehmens, Umsatz, Branche, Standort, Versicherungssummen und individuelles Risikoprofil. Ein Versicherungsvertreter oder Makler kann bei der Berechnung der Prämie helfen."
Grundbesitzerhaftpflicht,grundbesitzerhaftpflicht,64ba5f87a6e0ed8004cd2603,653ade1ae882f528b3915e67,64ba5f87a6e0ed8004cd263d,false,false,Mon Jul 17 2023 08:27:41 GMT+0000 (Coordinated Universal Time),Mon Jul 17 2023 08:27:41 GMT+0000 (Coordinated Universal Time),Mon Jul 24 2023 05:10:02 GMT+0000 (Coordinated Universal Time),Wohnung & Haus,Sicherheit für Grundstückseigentümer,"Lerne die Vorteile der Grundbesitzerhaftpflichtversicherung kennen, die Dir Schutz bietet, wenn jemand auf Deinem Grundstück verletzt wird und Du für mögliche Schadensersatzforderungen haftbar gemacht wirst.","Sichere Grundstücke, sorgenfreie Eigentümer: Unsere Absicherung","<p>Als Grundstückseigentümer trägst Du bestimmte Verantwortlichkeiten und Risiken. Eine Grundbesitzerhaftpflichtversicherung ist unverzichtbar, um Dich vor Haftungsansprüchen Dritter zu schützen, die aufgrund von Verletzungen oder Schäden auf Deinem Grundstück entstehen. Sie übernimmt die Kosten für Schadensersatzansprüche und verteidigt Dich gegebenenfalls vor Gericht. Zusätzlich zur Grundbesitzerhaftpflichtversicherung kannst Du auch über eine Umweltschadenhaftpflichtversicherung nachdenken, um Dich vor Schadensersatzansprüchen infolge von Umweltverschmutzung oder Umweltschäden zu schützen. Durch eine umfassende Absicherung minimierst Du potenzielle finanzielle Risiken und kannst Dein Grundstück mit mehr Ruhe und Sicherheit genießen.</p>",Was ist eine Grundbesitzerhaftpflichtversicherung?,"Eine Grundbesitzerhaftpflichtversicherung ist eine Versicherung, die Eigentümer von Grundstücken und Immobilien vor Schadensersatzansprüchen Dritter schützt. Sie deckt Personen- oder Sachschäden ab, die auf dem versicherten Grundstück oder in der Immobilie entstehen können.",Welche Risiken deckt eine Grundbesitzerhaftpflichtversicherung ab?,"Eine Grundbesitzerhaftpflichtversicherung deckt Schäden ab, die durch Gefahren oder Mängel auf dem Grundstück oder in der Immobilie verursacht werden können, wie z.B. rutschige Böden, herabfallende Gegenstände, mangelhafte Treppen oder unzureichende Sicherheitsvorkehrungen.",Gilt die Grundbesitzerhaftpflichtversicherung auch für vermietete Immobilien?,"Ja, eine Grundbesitzerhaftpflichtversicherung gilt auch für vermietete Immobilien. Sie schützt den Eigentümer vor Schadensersatzansprüchen von Mietern oder anderen Personen, die sich auf dem Grundstück oder in der Immobilie befinden.",Ist eine Grundbesitzerhaftpflichtversicherung gesetzlich vorgeschrieben?,"In den meisten Ländern besteht keine gesetzliche Pflicht zum Abschluss einer Grundbesitzerhaftpflichtversicherung. Allerdings kann der Abschluss einer solchen Versicherung in bestimmten Fällen, wie bei Vermietung oder gewerblicher Nutzung, empfohlen oder vertraglich vorgeschrieben sein. Es ist wichtig, die jeweiligen Vorschriften des Landes zu prüfen."
Haftpflichtversicherung,haftpflichtversicherung,64ba5f87a6e0ed8004cd2603,653ade1ae882f528b3915e67,64ba5f87a6e0ed8004cd2643,false,false,Mon Jul 17 2023 08:27:40 GMT+0000 (Coordinated Universal Time),Mon Jul 17 2023 08:27:40 GMT+0000 (Coordinated Universal Time),Mon Jul 24 2023 05:10:02 GMT+0000 (Coordinated Universal Time),Sach und Kfz,Sorge für finanziellen Schutz im Schadensfall,"Entdecke die Vorteile einer Haftpflichtversicherung, die Dir finanziellen Schutz bietet, falls Du für Schäden verantwortlich gemacht wirst und für deren Ausgleich haftbar bist.",Finanzielle Sicherheit bei Schäden und Unfällen,"<p>Niemand möchte in eine Situation geraten, in der finanzieller Schaden entsteht. Doch unvorhergesehene Ereignisse wie Brand, Einbruch, Naturkatastrophen oder andere Schadensfälle können jeden treffen. Um Dich vor finanziellen Belastungen zu schützen, ist eine entsprechende Versicherungsdeckung unerlässlich. Eine Hausratversicherung sichert Deinen persönlichen Besitz ab und erstattet Dir im Falle eines Schadens den finanziellen Wert Deiner Gegenstände. Eine Wohngebäudeversicherung schützt Dein Zuhause und die damit verbundenen Bausubstanzen. Ergänzend dazu kann eine Elementarschadenversicherung sinnvoll sein, um Dich vor Schäden durch Naturgefahren wie Überschwemmung oder Erdrutsch zu schützen. Indem Du den passenden Versicherungsschutz wählst, sorgst Du für finanzielle Sicherheit im Schadensfall und kannst Dich beruhigt zurücklehnen.</p>",Wofür ist eine Haftpflichtversicherung wichtig?,"Eine Haftpflichtversicherung ist wichtig, da sie Schutz vor Schadensersatzansprüchen Dritter bietet. Wenn man versehentlich Personen- oder Sachschäden verursacht, übernimmt die Haftpflichtversicherung die Kosten für die Schadensregulierung.",Ist eine Haftpflichtversicherung gesetzlich vorgeschrieben?,"In vielen Ländern ist eine Haftpflichtversicherung für bestimmte Bereiche, wie beispielsweise den Betrieb eines Kraftfahrzeugs, gesetzlich vorgeschrieben. In anderen Fällen besteht keine gesetzliche Pflicht, aber der Abschluss einer Haftpflichtversicherung wird dennoch dringend empfohlen.",Deckt eine Haftpflichtversicherung auch Schäden an meinem eigenen Eigentum ab?,"Nein, eine Haftpflichtversicherung deckt in der Regel nur Schäden ab, die man anderen Personen oder deren Eigentum zufügt. Um Schäden am eigenen Eigentum abzudecken, ist eine entsprechende Versicherung wie beispielsweise eine Hausratversicherung oder Gebäudeversicherung erforderlich.",Gilt die Haftpflichtversicherung weltweit?,"Der Geltungsbereich einer Haftpflichtversicherung kann unterschiedlich sein. Einige Versicherungen bieten weltweiten Schutz, während andere nur innerhalb eines bestimmten geografischen Gebiets gelten. Es ist wichtig, die Versicherungsbedingungen zu prüfen, um den genauen Geltungsbereich der Haftpflichtversicherung zu erfahren."
Hausratversicherung,hausratversicherung,64ba5f87a6e0ed8004cd2603,653ade1ae882f528b3915e67,64ba5f87a6e0ed8004cd2648,false,false,Mon Jul 17 2023 08:27:41 GMT+0000 (Coordinated Universal Time),Mon Jul 17 2023 08:27:41 GMT+0000 (Coordinated Universal Time),Mon Jul 24 2023 05:10:02 GMT+0000 (Coordinated Universal Time),Wohnung & Haus,Sicherheit für Dein Zuhause und Deine Wertsachen,"Erfahre mehr über die Hausratversicherung und die Gebäudeversicherung, die Dir Schutz für Dein Zuhause und Deine Wertsachen bieten und Dich vor finanziellen Verlusten absichern.","Zuhause sicher, Werte geschützt: Unsere Versicherungslösungen","<p>Dein Zuhause ist ein Ort der Geborgenheit, und es ist wichtig, es entsprechend abzusichern. Eine Hausratversicherung bietet finanziellen Schutz für Deine persönlichen Besitztümer in Deinem Zuhause. Sie erstattet Dir den finanziellen Wert Deiner Gegenstände im Falle von Diebstahl, Brand, Wasserschäden oder anderen versicherten Risiken. Eine Wohngebäudeversicherung schützt die Bausubstanz Deines Hauses vor Schäden durch Feuer, Sturm, Leitungswasser oder Hagel. Mit einer umfassenden Absicherung für Dein Zuhause und Deine Wertsachen kannst Du beruhigt sein und Dein Heim in vollen Zügen genießen.</p>",Was ist eine Hausratversicherung?,"Eine Hausratversicherung ist eine Versicherung, die den Hausrat gegen Schäden oder Verluste infolge von Einbruch, Diebstahl, Feuer, Wasserschäden und anderen Risiken absichert. Sie deckt in der Regel bewegliche Gegenstände wie Möbel, Elektrogeräte, Kleidung und Wertgegenstände ab.",Welche Schäden werden von einer Hausratversicherung abgedeckt?,"Eine Hausratversicherung deckt in der Regel Schäden durch Einbruch, Diebstahl, Feuer, Leitungswasser, Sturm und Hagel ab. Je nach Vertrag können auch weitere Risiken wie Elementarschäden, Überspannungsschäden oder Fahrraddiebstahl abgedeckt sein.",Wie wird der Wert des Hausrats für die Versicherung ermittelt?,"Der Wert des Hausrats für die Versicherung wird in der Regel durch eine Schätzung des Gesamtwerts aller beweglichen Gegenstände im Haushalt ermittelt. Es ist wichtig, den Wert regelmäßig zu überprüfen und bei Bedarf anzupassen, um eine ausreichende Versicherungssumme zu gewährleisten.",Gilt die Hausratversicherung auch außerhalb des eigenen Hauses?,"Der Geltungsbereich einer Hausratversicherung kann variieren. In der Regel gilt der Versicherungsschutz jedoch nicht nur im eigenen Haus, sondern auch außerhalb, z.B. bei Diebstahl oder Beschädigung des versicherten Hausrats während einer Reise oder in einem gemieteten Ferienhaus. Es ist wichtig, die Versicherungsbedingungen zu prüfen, um den genauen Geltungsbereich zu erfahren."
Kapitallebensversicherung,kapitallebensversicherung,64ba5f87a6e0ed8004cd2603,653ade1ae882f528b3915e67,64ba5f87a6e0ed8004cd265b,false,false,Mon Jul 17 2023 08:27:44 GMT+0000 (Coordinated Universal Time),Mon Jul 17 2023 08:27:44 GMT+0000 (Coordinated Universal Time),Mon Jul 24 2023 05:10:02 GMT+0000 (Coordinated Universal Time),Rente & Vorsorge,Finanzielle Sicherheit für Deine Angehörigen,"Sorge dafür, dass Deine Angehörigen auch in Deiner Abwesenheit finanziell abgesichert sind. Unsere Versicherungslösungen bieten Dir den notwendigen Schutz und die finanzielle Sicherheit für Deine Liebsten.",Finanzielle Sicherheit für Deine Angehörigen: Schutz und Unterstützung,"<p>Die finanzielle Sicherheit Deiner Angehörigen ist Dir wichtig, und Du möchtest sicherstellen, dass sie im Falle Deines Ablebens gut abgesichert sind. Eine Risikolebensversicherung bietet finanziellen Schutz für Deine Hinterbliebenen. Im Falle Deines Todes erhalten sie eine vorab vereinbarte Summe, die sie zur Deckung von finanziellen Verpflichtungen, wie z. B. laufenden Kosten, Hypotheken oder Ausbildungskosten, verwenden können. Indem Du eine Risikolebensversicherung abschließt, sorgst Du dafür, dass Deine Angehörigen in schwierigen Zeiten finanziell abgesichert sind und sich auf die Bewältigung des Verlustes konzentrieren können.</p>",Was ist eine Kapitallebensversicherung?,"Eine Kapitallebensversicherung ist eine Lebensversicherung, bei der neben dem Todesfallschutz auch Kapital angespart wird. Im Todesfall des Versicherten wird die vereinbarte Versicherungssumme an die Begünstigten ausgezahlt. Bei Ablauf der Versicherungsdauer wird das angesparte Kapital inklusive Überschussbeteiligungen ausgezahlt.",Welche Vorteile bietet eine Kapitallebensversicherung?,"Eine Kapitallebensversicherung bietet den Vorteil, dass sie sowohl einen Todesfallschutz als auch eine Kapitalbildung kombiniert. Sie kann somit als finanzielle Absicherung für die Hinterbliebenen dienen und gleichzeitig Kapital für den Versicherten aufbauen.",Gibt es Einschränkungen bei einer Kapitallebensversicherung?,"Ja, bei einer Kapitallebensversicherung gibt es bestimmte Regelungen und Einschränkungen. Dazu gehören beispielsweise eine bestimmte Versicherungsdauer, regelmäßige Beitragszahlungen und eine festgelegte Verzinsung des angesparten Kapitals. Zudem können Kosten für Verwaltung, Abschluss und Risikoabsicherung anfallen.",Ist eine Kapitallebensversicherung für jeden geeignet?,"Eine Kapitallebensversicherung kann für Personen geeignet sein, die sowohl einen Todesfallschutz als auch eine Kapitalbildung wünschen. Es ist wichtig, die eigenen Bedürfnisse, finanziellen Möglichkeiten und Risikobereitschaft zu berücksichtigen, bevor man sich für eine Kapitallebensversicherung entscheidet."
Krankenzusatzversicherung,krankenzusatzversicherung,64ba5f87a6e0ed8004cd2603,653ade1ae882f528b3915e67,64ba5f87a6e0ed8004cd2651,false,false,Mon Jul 17 2023 08:27:42 GMT+0000 (Coordinated Universal Time),Mon Jul 17 2023 08:27:42 GMT+0000 (Coordinated Universal Time),Mon Jul 24 2023 05:10:02 GMT+0000 (Coordinated Universal Time),Pflege & Krankheit,Zusätzlicher Schutz für Deine Gesundheit,"Entdecke die Vorteile einer Krankenzusatzversicherung, die Dir zusätzliche Leistungen und Sicherheit im Bereich Deiner Gesundheit bietet.",Mehr Schutz für Deine Gesundheit: Unsere Zusatzversicherungen,"<p>Eine Krankenzusatzversicherung bietet Dir zusätzlichen Schutz für Deine Gesundheit und ergänzt Deine gesetzliche Krankenversicherung. Mit einer Krankenzusatzversicherung kannst Du Leistungen wie Chefarztbehandlung, Ein- oder Zweibettzimmer im Krankenhaus, Zahnersatz oder alternative Heilmethoden abdecken. Eine solche Versicherung bietet Dir erweiterte medizinische Leistungen und trägt dazu bei, dass Du die bestmögliche Gesundheitsversorgung erhältst.</p>",Was ist eine Krankenzusatzversicherung?,"Eine Krankenzusatzversicherung ist eine Versicherung, die zusätzliche Leistungen zur gesetzlichen Krankenversicherung bietet. Sie ermöglicht den Versicherten den Zugang zu erweiterten medizinischen Leistungen, wie z.B. Behandlungen beim Facharzt, Krankenhauswahl oder Chefarztbehandlung.",Welche Leistungen werden von einer Krankenzusatzversicherung abgedeckt?,"Die genauen Leistungen einer Krankenzusatzversicherung variieren je nach Vertrag. Typischerweise deckt sie jedoch Leistungen wie den Zahnersatz, Sehhilfen, alternative Heilmethoden, bessere Krankenhausunterbringung, Medikamente, Vorsorgeuntersuchungen und ambulante Behandlungen ab.",Ist eine Krankenzusatzversicherung für jeden sinnvoll?,"Ob eine Krankenzusatzversicherung sinnvoll ist, hängt von den individuellen Bedürfnissen und Vorlieben ab. Wenn man zusätzliche medizinische Leistungen wünscht, die über den Umfang der gesetzlichen Krankenversicherung hinausgehen, kann eine Krankenzusatzversicherung eine sinnvolle Ergänzung sein.",Kann ich eine Krankenzusatzversicherung jederzeit abschließen?,"Der Abschluss einer Krankenzusatzversicherung ist in der Regel zu jedem Zeitpunkt möglich. Allerdings können bestimmte Vorerkrankungen oder bestehende gesundheitliche Probleme Einfluss auf den Abschluss oder die Konditionen der Versicherung haben. Es ist ratsam, die Bedingungen und Gesundheitsfragen vor Vertragsabschluss zu prüfen."
Öltankversicherung,oltankversicherung,64ba5f87a6e0ed8004cd2603,653ade1ae882f528b3915e67,64ba5f87a6e0ed8004cd2649,false,false,Mon Jul 17 2023 08:27:41 GMT+0000 (Coordinated Universal Time),Mon Jul 17 2023 08:27:41 GMT+0000 (Coordinated Universal Time),Mon Jul 24 2023 05:10:02 GMT+0000 (Coordinated Universal Time),Wohnung & Haus,Schutz für Deine Öltankanlage,"Lerne die Vorteile einer Öltankversicherung kennen, die Dir finanziellen Schutz bietet, falls es zu Schäden oder Lecks an Deiner Öltankanlage kommt.",Sichere Öllagerung: Schutz für Deine Öltankanlage,"<p>Besitzt Du eine Öltankanlage, ist es wichtig, diese entsprechend abzusichern. Eine Öltankversicherung bietet Dir finanziellen Schutz im Falle von Schäden an der Anlage oder auslaufendem Öl. Sie deckt Kosten für Reparaturen, Reinigungsarbeiten und Umweltschäden ab. Eine solche Versicherung schützt Dich vor finanziellen Belastungen und gibt Dir das beruhigende Gefühl, dass Du im Ernstfall gut abgesichert bist.</p>",Was ist eine Öltankversicherung?,"Eine Öltankversicherung ist eine Versicherung, die Schäden durch Leckage oder sonstige Gefahren im Zusammenhang mit einem Öltank abdeckt. Sie bietet finanziellen Schutz vor möglichen Kosten für Reinigung, Reparatur oder Sanierung bei Öllecks oder Schäden durch das Öltanksystem.",Welche Risiken deckt eine Öltankversicherung ab?,"Eine Öltankversicherung deckt typischerweise Schäden ab, die durch Leckage des Öltanks, Schäden am Tank oder den dazugehörigen Rohrleitungen sowie Umweltschäden aufgrund von austretendem Öl entstehen können. Je nach Vertrag können auch zusätzliche Leistungen wie Reinigungskosten oder die Kosten für den Ersatz von beschädigten Anlagen enthalten sein.",Ist eine Öltankversicherung gesetzlich vorgeschrieben?,"In einigen Ländern oder Regionen kann eine Öltankversicherung gesetzlich vorgeschrieben sein. Dies dient dazu, sowohl den Eigentümer des Öltanks als auch die Umwelt vor möglichen finanziellen Schäden zu schützen. Es ist wichtig, die entsprechenden Vorschriften des jeweiligen Landes oder der Region zu prüfen.",Gilt die Öltankversicherung auch für andere Flüssigkeitstanks?,"Eine Öltankversicherung ist speziell für Öltanks konzipiert. Sie deckt in der Regel nicht automatisch andere Flüssigkeitstanks ab, wie beispielsweise Tanks für Wasser oder Chemikalien. Es ist ratsam, die Versicherungsbedingungen zu überprüfen, um den genauen Umfang des Versicherungsschutzes zu erfahren."
Pflegeversicherung,pflegeversicherung,64ba5f87a6e0ed8004cd2603,653ade1ae882f528b3915e67,64ba5f87a6e0ed8004cd264c,false,false,Mon Jul 17 2023 08:27:42 GMT+0000 (Coordinated Universal Time),Mon Jul 17 2023 08:27:42 GMT+0000 (Coordinated Universal Time),Mon Jul 24 2023 05:10:02 GMT+0000 (Coordinated Universal Time),Pflege & Krankheit,Finanzielle Absicherung im Pflegefall,"Erfahre, wie eine Pflegeversicherung Dir und Deinen Angehörigen finanzielle Unterstützung bietet, falls Du pflegebedürftig wirst.",Finanzielle Sicherheit im Pflegefall: Unsere Unterstützung,"<p>Eine Pflegeversicherung bietet Dir finanzielle Unterstützung, wenn Du im Alter oder infolge einer Krankheit pflegebedürftig wirst. Sie hilft Dir, die Kosten für professionelle Pflegeleistungen zu decken und entlastet somit Deine Angehörigen. Mit einer Pflegeversicherung sorgst Du dafür, dass Du im Falle der Pflegebedürftigkeit finanziell abgesichert bist und die bestmögliche Pflege erhältst.</p>",Was ist eine Pflegeversicherung?,"Eine Pflegeversicherung ist eine Versicherung, die finanzielle Leistungen erbringt, um die Kosten im Pflegefall abzudecken. Sie unterstützt pflegebedürftige Personen bei den Kosten für häusliche Pflege, stationäre Pflege oder ambulante Dienste.",Ist eine Pflegeversicherung gesetzlich vorgeschrieben?,"In vielen Ländern besteht eine gesetzliche Pflicht zur Absicherung des Pflegerisikos, in Deutschland beispielsweise durch die gesetzliche Pflegeversicherung. Die Versicherungspflicht kann je nach Land unterschiedlich geregelt sein.",Welche Leistungen deckt eine Pflegeversicherung ab?,"Eine Pflegeversicherung deckt in der Regel Leistungen ab, die im Pflegefall anfallen. Dazu gehören beispielsweise die Kosten für professionelle Pflege, medizinische Versorgung, häusliche Pflegehilfen, Pflegegeld oder auch Umbaukosten im häuslichen Umfeld.",Wie hoch ist der Beitrag für eine Pflegeversicherung?,"Der Beitrag für eine Pflegeversicherung variiert je nach Land, Anbieter und individuellen Faktoren wie dem Alter und dem Gesundheitszustand des Versicherten. In einigen Ländern wird der Beitrag zur Pflegeversicherung einkommensabhängig erhoben."
Private Krankenversicherung,private-krankenversicherung,64ba5f87a6e0ed8004cd2603,653ade1ae882f528b3915e67,64ba5f87a6e0ed8004cd2658,false,false,Mon Jul 17 2023 08:27:42 GMT+0000 (Coordinated Universal Time),Mon Jul 17 2023 08:27:42 GMT+0000 (Coordinated Universal Time),Mon Jul 24 2023 05:10:02 GMT+0000 (Coordinated Universal Time),Pflege & Krankheit,Maßgeschneiderter Schutz für Deine Gesundheit,"Lerne die Vorteile einer privaten Krankenversicherung kennen, die individuell auf Dich und Deine Bedürfnisse abgestimmt ist und Dir umfassenden Schutz bietet.","Deine Gesundheit, unser Schutz: Maßgeschneiderte Versicherungen","<p>Eine private Krankenversicherung bietet Dir einen maßgeschneiderten Versicherungsschutz für Deine Gesundheit. Im Gegensatz zur gesetzlichen Krankenversicherung kannst Du bei einer privaten Krankenversicherung individuelle Leistungspakete wählen, die Deinen Bedürfnissen und Ansprüchen gerecht werden. Dies umfasst Leistungen wie die freie Arztwahl, Chefarztbehandlung, Ein- oder Zweibettzimmer im Krankenhaus und weitere Zusatzleistungen. Mit einer privaten Krankenversicherung erhältst Du Zugang zu hochwertiger medizinischer Versorgung und genießt einen umfassenden Versicherungsschutz.</p>",Was ist eine private Krankenversicherung?,"Eine private Krankenversicherung ist eine Versicherung, die individuellen Krankenversicherungsschutz bietet. Sie ermöglicht den Versicherten den Zugang zu privaten medizinischen Leistungen, wie z.B. Wahl des Arztes oder Krankenhauses, kürzere Wartezeiten und erweiterte Leistungen im Vergleich zur gesetzlichen Krankenversicherung.",Wer kann eine private Krankenversicherung abschließen?,"In der Regel können Personen, die bestimmte Voraussetzungen erfüllen, eine private Krankenversicherung abschließen. Dazu gehören oft ein bestimmtes Einkommen oder berufliche Stellung. Der Zugang zur privaten Krankenversicherung kann je nach Land unterschiedlich geregelt sein.",Welche Leistungen werden von einer privaten Krankenversicherung abgedeckt?,"Die Leistungen einer privaten Krankenversicherung variieren je nach Vertrag und individuellen Bedürfnissen. Sie können umfangreicher sein als die Leistungen der gesetzlichen Krankenversicherung und beispielsweise die Kosten für ärztliche Behandlungen, Medikamente, Krankenhausaufenthalte, Vorsorgeuntersuchungen und alternative Heilmethoden abdecken.",Ist eine private Krankenversicherung teurer als die gesetzliche Krankenversicherung?,"Die Beiträge einer privaten Krankenversicherung können höher sein als die Beiträge zur gesetzlichen Krankenversicherung. Dies liegt daran, dass private Krankenversicherungen individuellen Versicherungsschutz bieten und nicht auf einheitlichen Beitragssätzen basieren. Die Kosten hängen von verschiedenen Faktoren wie Alter, Gesundheitszustand und gewähltem Leistungsumfang ab."
Rechtsschutzversicherung,rechtsschutzversicherung,64ba5f87a6e0ed8004cd2603,653ade1ae882f528b3915e67,64ba5f87a6e0ed8004cd2652,false,false,Mon Jul 17 2023 08:27:40 GMT+0000 (Coordinated Universal Time),Mon Jul 17 2023 08:27:40 GMT+0000 (Coordinated Universal Time),Mon Jul 24 2023 05:10:02 GMT+0000 (Coordinated Universal Time),Sach und Kfz,Schütze Deine Rechte und Interessen,"Erfahre mehr über die Rechtsschutzversicherung und wie sie Dir hilft, Deine Rechte und Interessen in rechtlichen Angelegenheiten zu schützen und für Dich einzustehen.",Deine Rechte im Fokus: Schutz und Unterstützung,"<p>Es ist wichtig, Deine Rechte und Interessen in verschiedenen Lebensbereichen zu schützen. Eine Rechtsschutzversicherung bietet Dir finanziellen Schutz und juristische Unterstützung, wenn es zu rechtlichen Auseinandersetzungen kommt. Sie hilft Dir bei der Wahrnehmung Deiner Rechte in Bereichen wie Arbeitsrecht, Verkehrsrecht oder Mietrecht. Mit einer Berufshaftpflichtversicherung kannst Du Deine beruflichen Interessen schützen. Diese Versicherung deckt die finanziellen Folgen von Schadensersatzansprüchen ab, die aufgrund beruflicher Tätigkeiten entstehen können. Indem Du Dich umfassend absicherst, kannst Du sicherstellen, dass Deine Rechte und Interessen geschützt sind und Du im Falle von rechtlichen Auseinandersetzungen finanziell abgesichert bist.</p>",Was ist eine Rechtsschutzversicherung?,"Eine Rechtsschutzversicherung ist eine Versicherung, die die Kosten für rechtliche Auseinandersetzungen und Rechtsstreitigkeiten übernimmt. Sie bietet finanzielle Unterstützung bei Anwaltskosten, Gerichtsgebühren und anderen Auslagen im Zusammenhang mit rechtlichen Angelegenheiten.",Welche Bereiche deckt eine Rechtsschutzversicherung ab?,"Eine Rechtsschutzversicherung kann verschiedene Bereiche abdecken, wie beispielsweise Arbeitsrecht, Verkehrsrecht, Mietrecht, Familienrecht und Strafrecht. Je nach Vertrag können bestimmte Rechtsgebiete ausgeschlossen oder eingeschränkt sein.",Gibt es Wartezeiten oder Selbstbeteiligungen bei einer Rechtsschutzversicherung?,"Ja, bei vielen Rechtsschutzversicherungen gibt es Wartezeiten, d.h., bestimmte Leistungen werden erst nach Ablauf einer bestimmten Frist gewährt. Zudem kann eine Selbstbeteiligung vereinbart sein, d.h., der Versicherte trägt einen Teil der Kosten selbst.","Kann ich frei einen Anwalt wählen, wenn ich eine Rechtsschutzversicherung habe?","In den meisten Fällen kann der Versicherte einen Anwalt seiner Wahl auswählen. Es ist jedoch ratsam, vorher die Versicherungsbedingungen zu prüfen, da einige Versicherungen bestimmte Anwaltsnetzwerke oder -kooperationen vorschreiben."
Reiseversicherung,reiseversicherung,64ba5f87a6e0ed8004cd2603,653ade1ae882f528b3915e67,64ba5f87a6e0ed8004cd2650,false,false,Mon Jul 17 2023 08:27:41 GMT+0000 (Coordinated Universal Time),Mon Jul 17 2023 08:27:41 GMT+0000 (Coordinated Universal Time),Mon Jul 24 2023 05:10:02 GMT+0000 (Coordinated Universal Time),Sach und Kfz,Genieße Deine Reise mit sorgenfreiem Schutz,"Entdecke die Vorteile einer Reiseversicherung, die Dir während Deiner Reise Sicherheit und Schutz vor unvorhergesehenen Ereignissen wie Reiseabbruch, Krankheit oder Gepäckverlust bietet.",Entspannte Reisezeit: Sorgefrei unterwegs mit unserem Reiseschutz,"<p>Reisen ermöglicht uns, neue Orte zu entdecken und wertvolle Erinnerungen zu sammeln. Damit Du Deine Reise in vollen Zügen genießen kannst, ist ein sorgenfreier Versicherungsschutz unerlässlich. Eine Reiseversicherung bietet umfassende Absicherung während Deiner Reisen. Dazu gehören eine Reiserücktrittsversicherung, die Dir Kosten erstattet, wenn Du Deine Reise stornieren musst, eine Reiseabbruchversicherung, die Kosten bei vorzeitigem Abbruch der Reise abdeckt, sowie eine Reisekrankenversicherung, die medizinische Kosten im Ausland übernimmt. Zudem bietet eine Gepäckversicherung finanziellen Schutz bei Verlust oder Beschädigung Deines Reisegepäcks. Mit einem umfassenden Reiseschutz kannst Du Dich entspannt zurücklehnen und Deine Reise unbeschwert genießen.</p>",Was ist eine Reiseversicherung?,"Eine Reiseversicherung ist eine Versicherung, die speziell auf die Bedürfnisse von Reisenden zugeschnitten ist. Sie kann verschiedene Leistungen umfassen, wie z.B. Reiserücktrittsversicherung, Reisekrankenversicherung, Reisegepäckversicherung und Reiseunfallversicherung.",Welche Leistungen deckt eine Reiseversicherung ab?,"Die genauen Leistungen einer Reiseversicherung können je nach Vertrag variieren. Im Allgemeinen deckt sie jedoch Kosten ab, die im Zusammenhang mit unvorhergesehenen Ereignissen während der Reise entstehen, wie z.B. Stornierung der Reise, medizinische Notfälle, Gepäckverlust oder Reiseunterbrechung.",Ist eine Reiseversicherung notwendig?,"Eine Reiseversicherung ist nicht gesetzlich vorgeschrieben, aber sie kann empfehlenswert sein, um finanzielle Risiken im Zusammenhang mit Reisen abzudecken. Insbesondere bei teuren Reisen, Fernreisen oder Reisen mit höherem Risiko kann eine Reiseversicherung sinnvoll sein.",Wann sollte ich eine Reiseversicherung abschließen?,"Es ist ratsam, eine Reiseversicherung so früh wie möglich abzuschließen, am besten direkt nach der Buchung der Reise. Dadurch ist man von Anfang an gegen mögliche Stornokosten oder andere unvorhergesehene Ereignisse abgesichert."
Rentenversicherung,rentenversicherung,64ba5f87a6e0ed8004cd2603,653ade1ae882f528b3915e67,64ba5f87a6e0ed8004cd264d,false,false,Mon Jul 17 2023 08:27:44 GMT+0000 (Coordinated Universal Time),Mon Jul 17 2023 08:27:44 GMT+0000 (Coordinated Universal Time),Mon Jul 24 2023 05:10:02 GMT+0000 (Coordinated Universal Time),Rente & Vorsorge,Sichere Dir eine stabile Rente,"Erfahre, wie Du mit einer Rentenversicherung eine stabile Einkommensquelle für Deinen Ruhestand sicherstellen kannst.",Stabile Rente für Deine Zukunft: Unsere Versicherungslösungen,"<p>Eine stabile Rente ist ein wichtiges Ziel, das Du erreichen möchtest. Eine Rentenversicherung bietet Dir die Möglichkeit, regelmäßige Rentenzahlungen im Ruhestand zu erhalten. Du zahlst während Deines Berufslebens Beiträge in die Rentenversicherung ein und erhältst im Gegenzug eine lebenslange Rente. Eine solche Versicherung ermöglicht es Dir, Deine finanzielle Sicherheit im Alter zu gewährleisten und den gewünschten Lebensstandard aufrechtzuerhalten.</p>",Was ist eine Rentenversicherung?,"Eine Rentenversicherung ist eine Form der Altersvorsorge, bei der regelmäßige Beiträge eingezahlt werden, um im Ruhestand eine monatliche Rente zu erhalten. Die Rentenversicherung kann sowohl von privaten Versicherungsunternehmen als auch von staatlichen Rentenversicherungsträgern angeboten werden.",Wie funktioniert eine Rentenversicherung?,"Bei einer Rentenversicherung zahlt der Versicherte regelmäßige Beiträge ein. Diese Beiträge werden angesammelt und verzinst, um im Rentenalter eine lebenslange Rente auszahlen zu können. Die Höhe der Rente hängt von verschiedenen Faktoren ab, wie z.B. der Höhe der eingezahlten Beiträge, der Laufzeit der Versicherung und der vereinbarten Rentenform.",Gibt es verschiedene Arten von Rentenversicherungen?,"Ja, es gibt verschiedene Arten von Rentenversicherungen. Dazu gehören private Rentenversicherungen, betriebliche Altersvorsorge, gesetzliche Rentenversicherung und staatlich geförderte Rentenformen wie Riester-Rente oder Basisrente. Jede Art von Rentenversicherung hat unterschiedliche Merkmale und Vorteile.",Welche Risiken bestehen bei einer Rentenversicherung?,"Bei einer Rentenversicherung können verschiedene Risiken bestehen, wie z.B. das Langlebigkeitsrisiko (die Rente reicht nicht für die gesamte Lebenszeit aus), Inflationsrisiko (Kaufkraftverlust durch steigende Preise) und Kapitalanlagerisiken (z.B. Wertverluste bei schwachen Kapitalmärkten). Es ist wichtig, diese Risiken bei der Auswahl und Planung einer Rentenversicherung zu berücksichtigen."
Riesterrente,riesterrente,64ba5f87a6e0ed8004cd2603,653ade1ae882f528b3915e67,64ba5f87a6e0ed8004cd264a,false,false,Mon Jul 17 2023 08:27:43 GMT+0000 (Coordinated Universal Time),Mon Jul 17 2023 08:27:43 GMT+0000 (Coordinated Universal Time),Mon Jul 24 2023 05:10:02 GMT+0000 (Coordinated Universal Time),Rente & Vorsorge,Staatlich geförderte Altersvorsorge,"Informiere Dich über staatlich geförderte Altersvorsorgeprogramme wie die Riesterrente, die Dir finanzielle Vorteile und Unterstützung bei der Altersvorsorge bietet.",Staatliche Förderung für Deine Altersvorsorge: Unsere Angebote,"<p>Die staatlich geförderte Altersvorsorge bietet Dir eine Möglichkeit, Deine Rente zu sichern und gleichzeitig von staatlichen Zulagen und Steuervorteilen zu profitieren. Die bekanntesten Formen der staatlich geförderten Altersvorsorge sind die Riesterrente und die Basisrente. Die Riesterrente ermöglicht es Dir, staatliche Zulagen und Steuervorteile zu erhalten, während die Basisrente steuerlich begünstigt ist. Indem Du in eine staatlich geförderte Altersvorsorge investierst, schaffst Du Dir eine solide finanzielle Basis für Deinen Ruhestand.</p>",Was ist die Riester-Rente?,"Die Riester-Rente ist eine staatlich geförderte private Altersvorsorge in Deutschland. Sie ermöglicht es Versicherten, durch eigene Beiträge und staatliche Zulagen Kapital für die spätere Altersversorgung anzusparen. Die Riester-Rente richtet sich insbesondere an Arbeitnehmer und bestimmte Personenkreise.",Welche Vorteile bietet die Riester-Rente?,"Die Riester-Rente bietet mehrere Vorteile. Zum einen erhalten Versicherte staatliche Zulagen, die ihre Altersvorsorge zusätzlich fördern. Zum anderen sind die Beiträge steuerlich absetzbar. Zudem gibt es garantierte Mindestleistungen und eine lebenslange Rente bei Renteneintritt.",Wer kann von der Riester-Rente profitieren?,"Von der Riester-Rente können insbesondere Arbeitnehmer, Beamte, Selbstständige mit rentenversicherungspflichtigen Einkünften und bestimmte Personenkreise wie Wehr- oder Zivildienstleistende, pflichtversicherte Studenten oder Geringverdiener profitieren. Die genauen Voraussetzungen variieren je nach Land und Gesetzgebung.",Gibt es Einschränkungen bei der Riester-Rente?,"Ja, bei der Riester-Rente gibt es bestimmte Regelungen und Einschränkungen. Dazu gehören beispielsweise bestimmte Mindestbeiträge, eine staatlich festgelegte Rentenbeginnphase, die Anforderung einer regelmäßigen Eigenbeitragszahlung und die Verpflichtung, die Leistungen der Riester-Rente im Rentenalter zu versteuern."
Risikolebensversicherung,risikolebensversicherung,64ba5f87a6e0ed8004cd2603,653ade1ae882f528b3915e67,64ba5f87a6e0ed8004cd265d,false,false,Mon Jul 17 2023 08:27:43 GMT+0000 (Coordinated Universal Time),Mon Jul 17 2023 08:27:43 GMT+0000 (Coordinated Universal Time),Mon Jul 24 2023 05:10:02 GMT+0000 (Coordinated Universal Time),Rente & Vorsorge,Schutz für Deine Angehörigen,"Informiere Dich über die Risikolebensversicherung und wie sie Deine Angehörigen finanziell absichert, falls Dir etwas zustößt.",Für Deine Liebsten vorsorgen: Schutz und Sicherheit,"<p>Deine Familie und Angehörigen sind Dir wichtig, und es ist essentiell, sie entsprechend abzusichern. Eine Risikolebensversicherung bietet finanzielle Sicherheit für den Fall Deines Ablebens. Sie zahlt im Todesfall eine vorab vereinbarte Summe an Deine Hinterbliebenen aus, um ihnen den gewohnten Lebensstandard zu ermöglichen und finanzielle Belastungen abzufedern. Darüber hinaus kannst Du auch über eine Hinterbliebenenrente nachdenken, um Deinen Angehörigen eine regelmäßige finanzielle Unterstützung zu bieten. Mit dem richtigen Versicherungsschutz sorgst Du für die finanzielle Sicherheit Deiner Angehörigen und gibst ihnen den nötigen Schutz in schwierigen Zeiten.</p>",Was ist eine Risikolebensversicherung?,"Eine Risikolebensversicherung ist eine Versicherung, die eine finanzielle Absicherung für die Hinterbliebenen bietet, falls der Versicherte während der Vertragslaufzeit verstirbt. Sie zahlt im Todesfall eine vorher vereinbarte Versicherungssumme an die benannten Begünstigten aus.",Für wen ist eine Risikolebensversicherung sinnvoll?,"Eine Risikolebensversicherung ist besonders sinnvoll für Personen, die finanziell von ihrem Einkommen abhängig sind und deren Hinterbliebene im Falle ihres Todes finanziell abgesichert sein sollen. Das können beispielsweise Familien mit Kindern oder Personen mit hohen finanziellen Verpflichtungen wie Hypotheken sein.",Wie wird die Versicherungssumme bei einer Risikolebensversicherung festgelegt?,"Die Festlegung der Versicherungssumme bei einer Risikolebensversicherung hängt von den individuellen Bedürfnissen und finanziellen Verpflichtungen ab. Es ist ratsam, die finanziellen Bedürfnisse der Hinterbliebenen, wie z.B. Schulden, laufende Kosten und Ausbildungskosten, zu berücksichtigen.",Sind die Beiträge zur Risikolebensversicherung steuerlich absetzbar?,"In vielen Ländern sind die Beiträge zur Risikolebensversicherung nicht steuerlich absetzbar. Es empfiehlt sich, die steuerlichen Regelungen des jeweiligen Landes zu prüfen, um genaue Informationen über die steuerliche Behandlung zu erhalten."
Schwere Krankheiten Versicherung,schwere-krankheiten-versicherung,64ba5f87a6e0ed8004cd2603,653ade1ae882f528b3915e67,64ba5f87a6e0ed8004cd264b,false,false,Mon Jul 17 2023 08:27:43 GMT+0000 (Coordinated Universal Time),Mon Jul 17 2023 08:27:43 GMT+0000 (Coordinated Universal Time),Mon Jul 24 2023 05:10:02 GMT+0000 (Coordinated Universal Time),Rente & Vorsorge,Finanzielle Unterstützung bei schweren Krankheiten,"Erfahre, wie eine Schwere Krankheiten Versicherung Dir finanzielle Unterstützung bietet, wenn Du von schweren Krankheiten betroffen bist.",Unterstützung bei schweren Krankheiten: Finanzieller Schutz in schweren Zeiten,"<p>Schwere Krankheiten wie Krebs, Herzinfarkt oder Schlaganfall können nicht nur eine enorme physische und emotionale Belastung darstellen, sondern auch finanzielle Auswirkungen haben. Eine schwere Krankheiten Versicherung bietet Dir finanzielle Unterstützung, wenn Du von einer schweren Krankheit betroffen bist. Sie zahlt Dir im Falle einer Diagnose eine vorab vereinbarte Summe aus, die Du zur Deckung von medizinischen Kosten, zusätzlichen Ausgaben oder zur Finanzierung einer Auszeit vom Beruf verwenden kannst. Mit einer solchen Versicherung kannst Du sicherstellen, dass Du in schwierigen Zeiten finanziell abgesichert bist und Dich ganz auf Deine Genesung konzentrieren kannst.</p>",Was ist eine schwere Krankheiten Versicherung?,"Eine schwere Krankheiten Versicherung, auch Dread Disease Versicherung genannt, ist eine Versicherung, die eine finanzielle Leistung erbringt, wenn der Versicherte an einer bestimmten schweren Krankheit erkrankt. Diese Versicherung zahlt eine vorher vereinbarte Versicherungssumme aus, unabhängig von den tatsächlichen Behandlungskosten.",Welche Krankheiten werden in einer schweren Krankheiten Versicherung abgedeckt?,"Die abgedeckten Krankheiten können je nach Versicherungsvertrag variieren. Typischerweise umfassen sie jedoch schwerwiegende Erkrankungen wie Krebs, Herzinfarkt, Schlaganfall, Nierenversagen oder Parkinson. Es ist wichtig, die genauen Bedingungen und Ausschlüsse im Versicherungsvertrag zu prüfen.",Für wen ist eine schwere Krankheiten Versicherung sinnvoll?,"Eine schwere Krankheiten Versicherung kann für jeden sinnvoll sein, der sich gegen die finanziellen Folgen schwerer Erkrankungen absichern möchte. Insbesondere für Personen, die keine umfassende Berufsunfähigkeitsversicherung abschließen können oder möchten, kann eine schwere Krankheiten Versicherung eine sinnvolle Ergänzung sein.",Was ist der Unterschied zwischen einer schweren Krankheiten Versicherung und einer Berufsunfähigkeitsversicherung?,"Eine Berufsunfähigkeitsversicherung deckt den Verlust der eigenen beruflichen Tätigkeit ab, während eine schwere Krankheiten Versicherung eine finanzielle Leistung erbringt, wenn der Versicherte an einer bestimmten schweren Krankheit erkrankt. Die Versicherungssumme bei einer schweren Krankheiten Versicherung wird unabhängig vom Beruf und den tatsächlichen Einkommenseinbußen gezahlt."
Tierhalterhaftpflicht,tierhalterhaftpflicht,64ba5f87a6e0ed8004cd2603,653ade1ae882f528b3915e67,64ba5f87a6e0ed8004cd2647,false,false,Mon Jul 17 2023 08:27:41 GMT+0000 (Coordinated Universal Time),Mon Jul 17 2023 08:27:41 GMT+0000 (Coordinated Universal Time),Mon Jul 24 2023 05:10:02 GMT+0000 (Coordinated Universal Time),Sach und Kfz,Sicherheit für Dich und Deine pelzigen Freunde,"Informiere Dich über die Tierhalterhaftpflicht und wie sie Dir Sicherheit gibt, wenn es um mögliche Schäden oder Verletzungen geht, die durch Deine Haustiere verursacht werden können.",Gemeinsam geschützt: Sicherheit für Dich und Deine Haustiere,"<p>Deine Haustiere sind ein wichtiger Teil Deiner Familie und verdienen ebenfalls den bestmöglichen Schutz. Eine Haftpflichtversicherung für Haustiere bietet Dir finanziellen Schutz, falls Dein Haustier Schäden verursacht oder Personen verletzt. Sie deckt die Schadensersatzansprüche Dritter ab und schützt Dich vor finanziellen Belastungen. Zusätzlich zur Haftpflichtversicherung kannst Du auch über eine Tierkrankenversicherung nachdenken. Sie übernimmt die Tierarztkosten im Falle von Krankheit oder Verletzung Deines Haustiers. Mit dem richtigen Versicherungsschutz sorgst Du für die Sicherheit Deiner pelzigen Freunde und minimierst finanzielle Risiken im Zusammenhang mit ihnen.</p>",Was ist eine Tierhalterhaftpflichtversicherung?,"Eine Tierhalterhaftpflichtversicherung ist eine Versicherung, die Schäden abdeckt, die durch ein Haustier verursacht werden. Sie schützt den Tierhalter vor Schadensersatzansprüchen Dritter, die beispielsweise durch Verletzungen oder Sachschäden entstehen können.",Ist eine Tierhalterhaftpflichtversicherung gesetzlich vorgeschrieben?,"In einigen Ländern oder Bundesländern kann eine Tierhalterhaftpflichtversicherung gesetzlich vorgeschrieben sein, insbesondere für bestimmte Haustiere wie Hunde. Es ist wichtig, die entsprechenden Vorschriften des jeweiligen Landes oder der Region zu prüfen.",Welche Schäden sind durch eine Tierhalterhaftpflichtversicherung abgedeckt?,"Eine Tierhalterhaftpflichtversicherung deckt in der Regel Personen- und Sachschäden ab, die durch das versicherte Haustier verursacht werden. Dazu können beispielsweise Bissverletzungen, Schäden an fremdem Eigentum oder Unfälle gehören.",Gilt die Tierhalterhaftpflichtversicherung auch im Ausland?,"Der Geltungsbereich einer Tierhalterhaftpflichtversicherung kann variieren. Einige Versicherungen bieten auch Schutz im Ausland an, während andere möglicherweise nur innerhalb des Heimatlandes gültig sind. Es ist wichtig, die Versicherungsbedingungen zu überprüfen, um den genauen Geltungsbereich zu erfahren."
Unfallversicherung,unfallversicherung,64ba5f87a6e0ed8004cd2603,653ade1ae882f528b3915e67,64ba5f87a6e0ed8004cd2642,false,false,Mon Jul 17 2023 08:27:41 GMT+0000 (Coordinated Universal Time),Mon Jul 17 2023 08:27:41 GMT+0000 (Coordinated Universal Time),Mon Jul 24 2023 05:10:02 GMT+0000 (Coordinated Universal Time),Sach und Kfz,Absicherung für unvorhergesehene Ereignisse,"Lerne, wie eine Unfallversicherung Dir und Deiner Familie finanzielle Absicherung bietet, falls Du durch einen Unfall verletzt wirst und dadurch unvorhergesehene Kosten entstehen.",Vorsorge für das Unerwartete: Finanzielle Absicherung für alle Fälle,"<p>Das Leben ist voller unvorhersehbarer Ereignisse, daher ist es wichtig, sich auf solche Situationen vorzubereiten. Eine private Unfallversicherung bietet finanzielle Unterstützung im Falle von Unfallverletzungen. Sie bietet Dir beispielsweise Leistungen wie Invaliditätszahlungen, Unfallrente oder auch kosmetische Operationen. Eine Risikolebensversicherung sichert Deine Angehörigen ab, falls Dir etwas zustoßen sollte. Sie bietet finanzielle Unterstützung für Deine Hinterbliebenen und kann ihnen helfen, den gewohnten Lebensstandard aufrechtzuerhalten. Durch die Absicherung gegen unvorhergesehene Ereignisse schaffst Du finanzielle Sicherheit für Dich und Deine Liebsten und kannst beruhigt in die Zukunft blicken.</p>",Was ist eine Unfallversicherung?,"Eine Unfallversicherung ist eine Versicherung, die finanzielle Leistungen erbringt, wenn der Versicherte durch einen Unfall körperlich geschädigt wird. Sie kann finanzielle Unterstützung bei medizinischen Behandlungen, Rehabilitation, Invalidität oder im Todesfall bieten.",Was ist der Unterschied zwischen einer Unfallversicherung und der Krankenversicherung?,"Eine Unfallversicherung deckt speziell Unfallfolgen ab, während die Krankenversicherung die Kosten für medizinische Behandlungen im Allgemeinen abdeckt, unabhängig davon, ob sie durch einen Unfall oder eine Krankheit verursacht werden.",Welche Leistungen sind in einer Unfallversicherung enthalten?,"Die Leistungen einer Unfallversicherung können je nach Vertrag variieren. Sie können unter anderem Invaliditätsleistungen, Krankenhaustagegeld, Genesungsgeld, Unfallrente oder Todesfallleistungen umfassen.",Gilt die Unfallversicherung weltweit?,"Der Geltungsbereich einer Unfallversicherung kann unterschiedlich sein. Einige Versicherungen bieten weltweiten Schutz, während andere nur innerhalb eines bestimmten geografischen Gebiets gelten. Es ist wichtig, die Versicherungsbedingungen zu prüfen, um den genauen Geltungsbereich der Unfallversicherung zu erfahren."
